ID,Mass,X,Y,Speed,Direction
0,72,677.883,150.432,16,0.986188
1,135,375.037,577.367,10,2.86921
2,14,538.729,390.968,3,3.58828
3,30,378.703,352.365,4,2.40919
4,15,243.648,91.2697,9,4.31043
5,286,238.867,567.999,14,5.38041
6,248,636.848,217.968,2,3.85022
7,182,330.037,148.577,18,4.14782
8,29,377.295,478.154,3,0.188302
9,148,783,541.098,0,1.64256
10,240,601.791,38.5523,5,2.00152
11,262,790,570.673,16.459,-2.94153
12,119,70.9999,413.082,10,6.26669
13,298,601.075,323.031,1,5.55567
14,56,81.0997,259.892,8,1.44582
15,166,194.393,162.171,4,0.1837
0,72,678.766,152.061,16,0.986188
1,135,374.074,577.93,10,2.86921
2,14,538.459,391.133,3,3.58828
3,30,378.405,352.927,4,2.40919
4,15,243.296,90.7355,9,4.31043
5,286,239.734,567.194,14,5.38041
6,248,636.696,218.132,2,3.85022
7,182,329.074,147.351,18,4.14782
8,29,377.589,478.504,3,0.188302
9,148,783,541.392,0,1.64256
10,240,601.583,39.3007,5,2.00152
11,262,788.387,570.542,16.459,-2.94153
12,119,71.9997,413.359,10,6.26669
13,298,601.149,323.259,1,5.55567
14,56,81.1994,260.98,8,1.44582
15,166,194.787,162.538,4,0.1837
0,72,679.649,153.983,16,0.986188
1,135,373.111,578.787,10,2.86921
2,14,538.188,391.591,3,3.58828
3,30,378.108,353.782,4,2.40919
4,15,242.944,90.4952,9,4.31043
5,286,240.602,566.683,14,5.38041
6,248,636.544,218.59,2,3.85022
7,182,328.111,146.418,18,4.14782
8,29,377.884,479.148,3,0.188302
9,148,783,541.98,0,1.64256
10,240,601.374,40.343,5,2.00152
11,262,786.774,570.705,16.459,-2.94153
12,119,72.9996,413.931,10,6.26669
13,298,601.224,323.78,1,5.55567
14,56,81.2992,262.361,8,1.44582
15,166,195.18,163.199,4,0.1837
0,72,680.532,156.297,16,0.986188
1,135,372.147,580.036,10,2.86921
2,14,537.918,392.442,3,3.58828
3,30,377.81,355.03,4,2.40919
4,15,242.592,90.6469,9,4.31043
5,286,241.469,566.564,14,5.38041
6,248,636.393,219.439,2,3.85022
7,182,327.148,145.877,18,4.14782
8,29,378.179,480.185,3,0.188302
9,148,783,542.96,0,1.64256
10,240,601.165,41.7773,5,2.00152
11,262,785.161,571.26,16.459,-2.94153
12,119,73.9995,414.894,10,6.26669
13,298,601.299,324.694,1,5.55567
14,56,81.3989,264.135,8,1.44582
15,166,195.573,164.252,4,0.1837
0,72,681.415,159.101,16,0.986188
1,135,371.184,581.775,10,2.86921
2,14,537.647,393.782,3,3.58828
3,30,377.513,356.767,4,2.40919
4,15,242.24,91.2887,9,4.31043
5,286,242.336,566.935,14,5.38041
6,248,636.241,220.779,2,3.85022
7,182,326.184,145.827,18,4.14782
8,29,378.474,481.711,3,0.188302
9,148,783,544.43,0,1.64256
10,240,600.956,43.7017,5,2.00152
11,262,783.548,572.305,16.459,-2.94153
12,119,74.9993,416.348,10,6.26669
13,298,601.374,326.098,1,5.55567
14,56,81.4986,266.399,8,1.44582
15,166,195.966,165.795,4,0.1837
0,72,682.298,162.494,16,0.986188
1,135,370.221,584.102,10,2.86921
2,14,537.377,395.71,3,3.58828
3,30,377.215,359.093,4,2.40919
4,15,241.887,92.5184,9,4.31043
5,286,243.203,567.894,14,5.38041
6,248,636.089,222.707,2,3.85022
7,182,325.221,146.364,18,4.14782
8,29,378.768,483.825,3,0.188302
9,148,783,546.488,0,1.64256
10,240,600.748,46.214,5,2.00152
11,262,781.935,573.938,16.459,-2.94153
12,119,75.9992,418.389,10,6.26669
13,298,601.448,328.089,1,5.55567
14,56,81.5983,269.251,8,1.44582
15,166,196.36,167.926,4,0.1837
0,72,683.181,166.572,16,0.986188
1,135,369.258,587.115,10,2.86921
2,14,537.106,398.325,3,3.58828
3,30,376.918,362.104,4,2.40919
4,15,241.535,94.4341,9,4.31043
5,286,244.07,569.539,14,5.38041
6,248,635.937,225.321,2,3.85022
7,182,324.258,147.587,18,4.14782
8,29,379.063,486.625,3,0.188302
9,148,783,549.232,0,1.64256
10,240,600.539,49.4123,5,2.00152
11,262,780.321,576.256,16.459,-2.94153
12,119,76.999,421.117,10,6.26669
13,298,601.523,330.766,1,5.55567
14,56,81.6981,272.788,8,1.44582
15,166,196.753,170.743,4,0.1837
0,72,684.064,171.434,16,0.986188
1,135,368.295,590,38.4371,-1.82407
2,14,536.835,401.723,3,3.58828
3,30,376.621,365.9,4,2.40919
4,15,241.183,97.1339,9,4.31043
5,286,244.938,571.967,14,5.38041
6,248,635.785,228.719,2,3.85022
7,182,323.295,149.595,18,4.14782
8,29,379.358,490.209,3,0.188302
9,148,783,552.76,0,1.64256
10,240,600.33,53.3946,5,2.00152
11,262,778.708,579.359,16.459,-2.94153
12,119,77.9989,424.628,10,6.26669
13,298,601.598,334.228,1,5.55567
14,56,81.7978,277.11,8,1.44582
15,166,197.146,174.345,4,0.1837
0,72,684.947,177.179,16,0.986188
1,135,367.332,587.161,38.4371,-1.82407
2,14,536.565,406.004,3,3.58828
3,30,376.323,370.577,4,2.40919
4,15,240.831,100.716,9,4.31043
5,286,245.805,575.278,14,5.38041
6,248,635.633,232.999,2,3.85022
7,182,322.332,152.484,18,4.14782
8,29,379.652,494.675,3,0.188302
9,148,783,557.17,0,1.64256
10,240,600.121,58.259,5,2.00152
11,262,777.095,583.344,16.459,-2.94153
12,119,78.9988,429.022,10,6.26669
13,298,601.672,338.571,1,5.55567
14,56,81.8975,282.314,8,1.44582
15,166,197.539,178.828,4,0.1837
0,72,685.83,183.903,16,0.986188
1,135,366.369,585.302,38.4371,-1.82407
2,14,536.294,411.264,3,3.58828
3,30,376.026,376.235,4,2.40919
4,15,240.479,105.277,9,4.31043
5,286,246.672,579.569,14,5.38041
6,248,635.481,238.258,2,3.85022
7,182,321.369,156.353,18,4.14782
8,29,379.947,500.122,3,0.188302
9,148,783,562.56,0,1.64256
10,240,599.913,64.1033,5,2.00152
11,262,775.482,588.309,16.459,-2.94153
12,119,79.9986,434.395,10,6.26669
13,298,601.747,343.895,1,5.55567
14,56,81.9972,288.498,8,1.44582
15,166,197.933,184.291,4,0.1837
0,72,686.713,191.705,16,0.986188
1,135,365.406,584.521,38.4371,-1.82407
2,14,536.024,417.602,3,3.58828
3,30,375.728,382.97,4,2.40919
4,15,240.127,110.917,9,4.31043
5,286,247.539,584.938,14,5.38041
6,248,635.33,244.596,2,3.85022
7,182,320.406,161.301,18,4.14782
8,29,380.242,506.646,3,0.188302
9,148,783,569.028,0,1.64256
10,240,599.704,71.0256,5,2.00152
11,262,773.869,590,61.3782,-1.83673
12,119,80.9985,440.847,10,6.26669
13,298,601.822,350.296,1,5.55567
14,56,82.097,295.759,8,1.44582
15,166,198.326,190.832,4,0.1837
0,72,687.596,200.683,16,0.986188
1,135,364.442,584.916,38.4371,-1.82407
2,14,535.753,425.117,3,3.58828
3,30,375.431,390.882,4,2.40919
4,15,239.775,117.733,9,4.31043
5,286,248.406,590,64.7239,-1.43641
6,248,635.178,252.11,2,3.85022
7,182,319.443,167.424,18,4.14782
8,29,380.536,514.346,3,0.188302
9,148,785.441,574.722,0,1.64256
10,240,599.495,79.124,5,2.00152
11,262,769.815,587.204,61.3782,-1.83673
12,119,81.9984,448.474,10,6.26669
13,298,601.896,357.874,1,5.55567
14,56,82.1967,304.197,8,1.44582
15,166,198.719,198.549,4,0.1837
0,72,688.479,210.936,16,0.986188
1,135,363.479,586.585,38.4371,-1.82407
2,14,535.483,433.905,3,3.58828
3,30,375.133,400.067,4,2.40919
4,15,239.423,125.823,9,4.31043
5,286,249.274,584.86,64.7239,-1.43641
6,248,635.026,260.898,2,3.85022
7,182,318.48,174.821,18,4.14782
8,29,380.831,523.32,3,0.188302
9,148,786.821,583.633,91.3614,1.78448
10,240,599.286,88.4963,5,2.00152
11,262,766.822,583.739,35.1636,-1.71883
12,119,82.9982,457.376,10,6.26669
13,298,601.971,366.725,1,5.55567
14,56,82.2964,313.909,8,1.44582
15,166,199.112,207.54,4,0.1837
0,72,689.362,222.56,16,0.986188
1,135,362.516,589.625,38.4371,-1.82407
2,14,535.212,444.066,3,3.58828
3,30,374.836,410.625,4,2.40919
4,15,239.423,125.823,9,4.31043
5,286,249.274,584.86,64.7239,-1.43641
6,248,635.026,260.898,2,3.85022
7,182,318.48,174.821,18,4.14782
8,29,380.831,523.32,3,0.188302
9,148,786.821,583.633,91.3614,1.78448
10,240,599.286,88.4963,5,2.00152
11,262,766.822,583.739,35.1636,-1.71883
12,119,82.9982,457.376,10,6.26669
13,298,601.971,366.725,1,5.55567
14,56,82.2964,313.909,8,1.44582
15,166,199.112,207.54,4,0.1837
0,72,689.362,222.56,16,0.986188
1,135,362.516,589.625,38.4371,-1.82407
2,14,535.212,444.066,3,3.58828
3,30,374.836,410.625,4,2.40919
4,15,239.071,135.284,9,4.31043
5,286,250.141,581.092,64.7239,-1.43641
6,248,634.874,271.058,2,3.85022
7,182,317.517,183.591,18,4.14782
8,29,381.126,533.666,3,0.188302
9,148,784.884,590,102.786,-1.76042
10,240,599.078,99.2406,5,2.00152
11,262,766.303,581.633,35.1636,-1.71883
12,119,83.9981,467.649,10,6.26669
13,298,602.046,376.949,1,5.55567
14,56,82.3961,324.993,8,1.44582
15,166,199.506,217.903,4,0.1837
0,72,690.245,235.654,16,0.986188
1,135,361.553,590,45.2439,-1.78531
2,14,534.941,455.696,3,3.58828
3,30,374.539,422.652,4,2.40919
4,15,238.719,146.216,9,4.31043
5,286,251.008,578.794,64.7239,-1.43641
6,248,634.722,282.688,2,3.85022
7,182,316.553,193.83,18,4.14782
8,29,381.421,545.482,3,0.188302
9,148,784.363,581.407,102.786,-1.76042
10,240,598.869,111.455,5,2.00152
11,262,764.368,580.966,35.1636,-1.71883
12,119,84.9979,479.393,10,6.26669
13,298,602.121,388.642,1,5.55567
14,56,82.4959,337.546,8,1.44582
15,166,199.899,229.736,4,0.1837
0,72,691.128,250.317,16,0.986188
1,135,360.59,587.147,45.2439,-1.78531
2,14,534.671,468.894,3,3.58828
3,30,374.241,436.247,4,2.40919
4,15,238.366,158.716,9,4.31043
5,286,251.875,578.064,64.7239,-1.43641
6,248,634.57,295.885,2,3.85022
7,182,315.59,205.637,18,4.14782
8,29,381.715,558.867,3,0.188302
9,148,782.425,574.351,102.786,-1.76042
10,240,598.66,125.237,5,2.00152
11,262,763.849,581.898,35.1636,-1.71883
12,119,85.9978,492.704,10,6.26669
13,298,602.195,401.904,1,5.55567
14,56,82.5956,351.668,8,1.44582
15,166,200.292,243.137,4,0.1837
0,72,692.011,266.645,16,0.986188
1,135,359.627,585.961,45.2439,-1.78531
2,14,534.4,483.759,3,3.58828
3,30,373.944,451.509,4,2.40919
4,15,238.014,172.882,9,4.31043
5,286,252.742,579,64.7239,-1.43641
6,248,634.418,310.749,2,3.85022
7,182,314.627,219.111,18,4.14782
8,29,382.01,573.917,3,0.188302
9,148,780.488,568.96,102.786,-1.76042
10,240,598.451,140.686,5,2.00152
11,262,763.331,584.497,35.1636,-1.71883
12,119,86.9977,507.682,10,6.26669
13,298,602.27,416.831,1,5.55567
14,56,82.6953,367.456,8,1.44582
15,166,200.686,258.204,4,0.1837
0,72,692.894,284.737,16,0.986188
1,135,358.664,586.538,45.2439,-1.78531
2,14,534.13,500.387,3,3.58828
3,30,373.646,468.534,4,2.40919
4,15,237.662,188.811,9,4.31043
5,286,253.61,581.7,64.7239,-1.43641
6,248,634.267,327.377,2,3.85022
7,182,313.664,234.348,18,4.14782
8,29,382.305,590,164.805,-1.55291
9,148,778.551,565.334,102.786,-1.76042
10,240,598.243,157.898,5,2.00152
11,262,762.812,588.859,35.1636,-1.71883
12,119,87.9975,524.423,10,6.26669
13,298,602.345,433.523,1,5.55567
14,56,82.795,385.008,8,1.44582
15,166,201.079,275.035,4,0.1837
0,72,693.777,304.691,16,0.986188
1,135,357.7,588.977,45.2439,-1.78531
2,14,533.859,518.878,3,3.58828
3,30,373.349,487.422,4,2.40919
4,15,237.31,206.603,9,4.31043
5,286,254.477,586.262,64.7239,-1.43641
6,248,634.115,345.867,2,3.85022
7,182,312.701,251.447,18,4.14782
8,29,382.599,575.384,164.805,-1.55291
9,148,776.613,563.57,102.786,-1.76042
10,240,598.034,176.972,5,2.00152
11,262,762.293,590,61.2163,-1.65562
12,119,88.9974,543.027,10,6.26669
13,298,602.419,452.076,1,5.55567
14,56,82.8948,404.421,8,1.44582
15,166,201.472,293.728,4,0.1837
0,72,694.66,326.606,16,0.986188
1,135,356.737,590,44.1759,-1.79058
2,14,533.589,539.328,3,3.58828
3,30,373.052,508.269,4,2.40919
4,15,236.958,226.355,9,4.31043
5,286,255.344,590,64.5009,-1.43594
6,248,633.963,366.317,2,3.85022
7,182,311.738,270.507,18,4.14782
8,29,382.894,562.728,164.805,-1.55291
9,148,774.676,563.765,102.786,-1.76042
10,240,597.825,198.007,5,2.00152
11,262,761.775,585.86,61.2163,-1.65562
12,119,89.9973,563.59,10,6.26669
13,298,602.494,472.59,1,5.55567
14,56,82.9945,425.795,8,1.44582
15,166,201.865,314.381,4,0.1837
0,72,695.543,350.578,16,0.986188
1,135,355.774,587.747,44.1759,-1.79058
2,14,533.318,561.837,3,3.58828
3,30,372.754,531.175,4,2.40919
4,15,236.606,248.164,9,4.31043
5,286,256.211,585.666,64.5009,-1.43594
6,248,633.811,388.825,2,3.85022
7,182,310.775,291.624,18,4.14782
8,29,383.189,552.13,164.805,-1.55291
9,148,772.738,566.019,102.786,-1.76042
10,240,597.616,221.099,5,2.00152
11,262,761.256,583.779,61.2163,-1.65562
12,119,90.9971,586.212,10,6.26669
13,298,602.569,495.161,1,5.55567
14,56,83.0942,449.227,8,1.44582
15,166,202.259,337.092,4,0.1837
0,72,696.426,376.706,16,0.986188
1,135,354.811,587.649,44.1759,-1.79058
2,14,533.047,586.501,3,3.58828
3,30,371.369,557.474,172.542,0.390426
4,15,236.254,272.13,9,4.31043
5,286,257.078,583.489,64.5009,-1.43594
6,248,633.659,413.489,2,3.85022
7,182,309.812,314.897,18,4.14782
8,29,384.571,542.451,196.766,2.5672
9,148,771.767,569.139,102.786,-1.76042
10,240,597.408,246.347,5,2.00152
11,262,759.771,585.142,61.2163,-1.65562
12,119,91.997,590,243.025,-1.52964
13,298,602.644,519.889,1,5.55567
14,56,83.1939,474.815,8,1.44582
15,166,202.652,361.959,4,0.1837
0,72,697.309,405.089,16,0.986188
1,135,353.848,589.806,44.1759,-1.79058
2,14,532.777,590,263.814,-1.58105
3,30,387.325,566.295,172.542,0.390426
4,15,235.902,298.35,9,4.31043
5,286,257.946,583.565,64.5009,-1.43594
6,248,633.507,440.406,2,3.85022
7,182,308.849,340.425,18,4.14782
8,29,368.052,555.395,196.766,2.5672
9,148,771.258,574.228,102.786,-1.76042
10,240,597.199,273.85,5,2.00152
11,262,757.825,589.046,61.2163,-1.65562
12,119,92.9968,567.972,243.025,-1.52964
13,298,602.718,546.87,1,5.55567
14,56,83.2936,502.657,8,1.44582
15,166,203.045,389.081,4,0.1837
0,72,698.192,435.823,16,0.986188
1,135,352.885,590,45.2226,-1.78542
2,14,532.506,565.972,263.814,-1.58105
3,30,403.28,577.467,172.542,0.390426
4,15,235.55,326.922,9,4.31043
5,286,258.813,585.994,64.5009,-1.43594
6,248,633.355,469.676,2,3.85022
7,182,307.885,368.304,18,4.14782
8,29,351.533,570.692,196.766,2.5672
9,148,770.848,581.91,102.786,-1.76042
10,240,596.99,303.704,5,2.00152
11,262,755.778,590,46.1601,-1.68339
12,119,94.3547,548.818,243.025,-1.52964
13,298,602.793,576.204,1,5.55567
14,56,83.0354,532.329,8,1.44582
15,166,203.438,418.554,4,0.1837
0,72,699.075,469.007,16,0.986188
1,135,353.465,587.994,67.6934,-2.86713
2,14,532.236,544.394,263.814,-1.58105
3,30,419.236,590,208.042,-0.696722
4,15,235.198,357.943,9,4.31043
5,286,259.68,590,48.5892,-1.39136
6,248,633.204,501.396,2,3.85022
7,182,306.922,398.633,18,4.14782
8,29,333.471,588.476,195.009,1.0719
9,148,771.358,590,114.129,-2.15819
10,240,596.781,336.008,5,2.00152
11,262,752.813,586.875,22.652,-0.525274
12,119,95.3545,531.592,243.025,-1.52964
13,298,602.868,590,311.479,-1.5684
14,56,83.1351,564.973,8,1.44582
15,166,203.832,450.477,4,0.1837
0,72,699.958,504.739,16,0.986188
1,135,346.949,588.708,67.6934,-2.86713
2,14,531.965,525.364,263.814,-1.58105
3,30,435.192,579.198,208.042,-0.696722
4,15,234.845,391.513,9,4.31043
5,286,259.68,590,48.5892,-1.39136
6,248,633.204,501.396,2,3.85022
7,182,306.922,398.633,18,4.14782
8,29,333.471,588.476,195.009,1.0719
9,148,771.358,590,114.129,-2.15819
10,240,596.781,336.008,5,2.00152
11,262,752.813,586.875,22.652,-0.525274
12,119,95.3545,531.592,243.025,-1.52964
13,298,602.868,590,311.479,-1.5684
14,56,83.1351,564.973,8,1.44582
15,166,203.832,450.477,4,0.1837
0,72,699.958,504.739,16,0.986188
1,135,346.962,588.648,96.2139,2.48447
2,14,531.965,525.364,263.814,-1.58105
3,30,435.192,579.198,208.042,-0.696722
4,15,234.845,391.513,9,4.31043
5,286,260.547,587.767,48.5892,-1.39136
6,248,633.052,535.664,2,3.85022
7,182,305.959,431.51,18,4.14782
8,29,342.789,590,150.794,0.287757
9,148,768.809,581.12,114.129,-2.15819
10,240,596.573,370.861,5,2.00152
11,262,750.996,590,23.9917,-0.614824
12,119,96.3544,516.914,243.025,-1.52964
13,298,602.942,561.4,311.479,-1.5684
14,56,83.2349,590,344.881,-1.5679
15,166,204.225,484.948,4,0.1837
0,72,700.841,543.118,16,0.986188
1,135,338.297,590,82.4988,-1.56594
2,14,531.695,508.98,263.814,-1.58105
3,30,451.148,571.042,208.042,-0.696722
4,15,234.493,427.729,9,4.31043
5,286,261.415,588.18,48.5892,-1.39136
6,248,632.9,572.578,2,3.85022
7,182,304.996,467.034,18,4.14782
8,29,358.295,590,224.001,-2.81123
9,148,763.225,575.69,76.5075,-2.55823
10,240,596.364,408.359,5,2.00152
11,262,752.215,590,23.2009,-0.536636
12,119,97.3542,504.882,243.025,-1.52964
13,298,603.017,535.446,311.479,-1.5684
14,56,83.3346,558.158,344.881,-1.5679
15,166,204.618,522.065,4,0.1837
0,72,701.724,584.24,16,0.986188
1,135,345.533,578.743,49.4875,-2.77268
2,14,531.424,495.34,263.814,-1.58105
3,30,467.104,565.629,208.042,-0.696722
4,15,234.141,466.689,9,4.31043
5,286,262.282,590,32.1319,-1.29752
6,248,632.748,590,388.65,-1.5747
7,182,304.033,505.301,18,4.14782
8,29,329.91,590,214.138,1.54815
9,148,757.024,573.002,67.4619,3.04053
10,240,596.155,448.601,5,2.00152
11,262,754.024,590,22.0406,-0.153029
12,119,98.3541,495.594,243.025,-1.52964
13,298,603.092,512.236,311.479,-1.5684
14,56,83.4343,529.06,344.881,-1.5679
15,166,205.011,561.926,4,0.1837
0,72,702.607,590,430.941,-1.5503
1,135,340.917,579.8,49.4875,-2.77268
2,14,531.154,484.542,263.814,-1.58105
3,30,483.059,563.059,208.042,-0.696722
4,15,233.789,508.49,9,4.31043
5,286,263.149,589.748,32.1319,-1.29752
6,248,632.596,553.977,388.65,-1.5747
7,182,303.07,546.41,18,4.14782
8,29,330.395,590,237.702,-1.5504
9,148,749.799,575.132,83.5094,2.33746
10,240,589.56,491.524,5,2.00152
11,262,756.716,590,19.7803,-0.575413
12,119,99.354,489.148,243.025,-1.52964
13,298,609.553,492.031,311.479,-1.5684
14,56,83.534,502.804,344.881,-1.5679
15,166,205.405,590,418.509,-1.5614
0,72,703.49,549.855,430.941,-1.5503
1,135,337.067,585.862,78.0203,-2.74834
2,14,530.883,476.684,263.814,-1.58105
3,30,499.015,563.429,208.042,-0.696722
4,15,233.437,553.232,9,4.31043
5,286,264.016,590,27.7335,-1.25277
6,248,632.444,520.895,388.65,-1.5747
7,182,302.107,590,431.791,-1.5931
8,29,330.114,567.11,171.55,0.750619
9,148,742.396,583.215,110.893,1.77892
10,240,589.351,537.548,5,2.00152
11,262,759.985,590,8.39903,-1.96008
12,119,101.378,486.019,62.5798,-2.16906
13,298,609.628,474.603,311.479,-1.5684
14,56,82.6092,479.111,220.344,-1.11424
15,166,205.798,551.091,418.509,-1.5614
0,72,704.373,512.748,430.941,-1.5503
1,135,326.728,586.905,28.5635,-2.60528
2,14,530.612,471.864,263.814,-1.58105
3,30,514.971,566.837,208.042,-0.696722
4,15,233.085,590,468.255,-1.57832
5,286,264.883,590,9.53194,-0.428019
6,248,632.292,490.85,388.65,-1.5747
7,182,301.144,549.87,431.791,-1.5931
8,29,345.791,580.855,237.709,1.98526
9,148,740.105,590,138.017,-1.73758
10,240,589.142,586.61,5,2.00152
11,262,759.666,590,22.3853,-1.71368
12,119,97.8539,483.886,62.5798,-2.16906
13,298,609.703,460.213,311.479,-1.5684
14,56,92.3233,462.372,220.344,-1.11424
15,166,206.191,515.22,418.509,-1.5614
0,72,705.256,478.777,430.941,-1.5503
1,135,324.273,588.581,28.5635,-2.60528
2,14,530.342,470.18,263.814,-1.58105
3,30,530.927,573.381,208.042,-0.696722
4,15,232.733,546.312,468.255,-1.57832
5,286,265.751,590,28.221,-1.25845
6,248,632.141,463.941,388.65,-1.5747
7,182,300.181,512.875,431.791,-1.5931
8,29,336.219,590,262.072,-1.94471
9,148,737.813,579.526,138.017,-1.73758
10,240,588.934,590,511.548,-1.57488
11,262,759.347,590,9.56551,-1.91054
12,119,94.3293,484.889,62.5798,-2.16906
13,298,609.777,448.959,311.479,-1.5684
14,56,102.037,448.768,220.344,-1.11424
15,166,206.584,482.485,418.509,-1.5614
0,72,706.139,448.04,430.941,-1.5503
1,135,321.818,590,54.0245,-2.04258
2,14,530.071,471.73,263.814,-1.58105
3,30,546.882,583.158,208.042,-0.696722
4,15,232.381,505.858,468.255,-1.57832
5,286,266.618,590,10.2026,-0.554839
6,248,631.989,440.267,388.65,-1.5747
7,182,299.218,479.115,431.791,-1.5931
8,29,326.646,568.838,262.072,-1.94471
9,148,735.522,572.286,138.017,-1.73758
10,240,588.725,542.08,511.548,-1.57488
11,262,759.029,590,23.076,-1.70938
12,119,90.8048,489.126,62.5798,-2.16906
13,298,609.852,440.939,311.479,-1.5684
14,56,111.751,438.398,220.344,-1.11424
15,166,206.978,452.984,418.509,-1.5614
0,72,707.022,420.635,430.941,-1.5503
1,135,319.362,588.52,54.0245,-2.04258
2,14,529.801,476.612,263.814,-1.58105
3,30,562.838,590,204.853,-0.677904
4,15,232.029,468.736,468.255,-1.57832
5,286,267.485,590,28.7265,-1.26413
6,248,631.837,419.924,388.65,-1.5747
7,182,298.254,448.687,431.791,-1.5931
8,29,317.074,551.007,262.072,-1.94471
9,148,733.231,568.377,138.017,-1.73758
10,240,588.516,497.491,511.548,-1.57488
11,262,758.71,590,10.7398,-1.87214
12,119,87.2802,496.695,62.5798,-2.16906
13,298,609.927,436.251,311.479,-1.5684
14,56,121.466,431.361,220.344,-1.11424
15,166,207.371,426.815,418.509,-1.5614
0,72,707.905,396.66,430.941,-1.5503
1,135,316.907,590,31.1118,-2.48028
2,14,529.53,484.924,263.814,-1.58105
3,30,578.794,580.582,204.853,-0.677904
4,15,231.677,435.043,468.255,-1.57832
5,286,268.352,590,11.005,-0.66323
6,248,631.685,403.011,388.65,-1.5747
7,182,297.291,421.688,431.791,-1.5931
8,29,307.501,536.607,262.072,-1.94471
9,148,730.94,567.899,138.017,-1.73758
10,240,588.307,456.333,511.548,-1.57488
11,262,758.391,590,23.7779,-1.70526
12,119,83.7557,507.694,62.5798,-2.16906
13,298,610.002,434.993,311.479,-1.5684
14,56,131.18,427.753,220.344,-1.11424
15,166,207.764,404.076,418.509,-1.5614
0,72,708.788,376.213,430.941,-1.5503
1,135,314.452,590,29.2242,-2.56838
2,14,529.26,496.763,263.814,-1.58105
3,30,594.75,574.693,204.853,-0.677904
4,15,231.325,404.879,468.255,-1.57832
5,286,269.22,590,29.2496,-1.26979
6,248,631.533,389.626,388.65,-1.5747
7,182,296.328,398.218,431.791,-1.5931
8,29,297.928,525.734,262.072,-1.94471
9,148,728.648,570.949,138.017,-1.73758
10,240,588.099,418.703,511.548,-1.57488
11,262,758.072,590,11.9167,-1.84159
12,119,80.2311,522.22,62.5798,-2.16906
13,298,610.076,437.264,311.479,-1.5684
14,56,140.894,427.674,220.344,-1.11424
15,166,208.158,384.865,418.509,-1.5614
0,72,709.671,359.392,430.941,-1.5503
1,135,311.996,590,31.6695,-2.45797
2,14,528.989,512.229,263.814,-1.58105
3,30,610.705,572.429,204.853,-0.677904
4,15,230.972,378.341,468.255,-1.57832
5,286,270.087,590,11.9069,-0.754925
6,248,631.381,379.868,388.65,-1.5747
7,182,295.365,378.374,431.791,-1.5931
8,29,288.356,518.488,262.072,-1.94471
9,148,726.357,577.625,138.017,-1.73758
10,240,587.89,384.698,511.548,-1.57488
11,262,757.754,590,24.4904,-1.70133
12,119,76.7066,540.373,62.5798,-2.16906
13,298,610.151,443.16,311.479,-1.5684
14,56,150.608,431.22,220.344,-1.11424
15,166,208.551,369.28,418.509,-1.5614
0,72,710.554,346.295,430.941,-1.5503
1,135,309.541,590,29.803,-2.53896
2,14,528.718,531.419,263.814,-1.58105
3,30,626.661,573.89,204.853,-0.677904
4,15,230.62,355.527,468.255,-1.57832
5,286,270.954,590,29.7896,-1.27541
6,248,631.229,373.833,388.65,-1.5747
7,182,294.402,362.253,431.791,-1.5931
8,29,278.783,514.966,262.072,-1.94471
9,148,724.066,588.025,138.017,-1.73758
10,240,587.681,354.418,511.548,-1.57488
11,262,757.435,590,13.0928,-1.81673
12,119,73.182,562.25,62.5798,-2.16906
13,298,610.226,452.78,311.479,-1.5684
14,56,160.322,438.491,220.344,-1.11424
15,166,208.944,357.419,418.509,-1.5614
0,72,711.437,337.02,430.941,-1.5503
1,135,307.086,590,32.2443,-2.43637
2,14,528.448,554.431,263.814,-1.58105
3,30,642.617,579.172,204.853,-0.677904
4,15,230.268,336.535,468.255,-1.57832
5,286,271.821,590,12.8823,-0.8323
6,248,631.078,371.62,388.65,-1.5747
7,182,293.439,349.955,431.791,-1.5931
8,29,269.211,515.265,262.072,-1.94471
9,148,721.775,590,141.244,-1.73374
10,240,587.472,327.959,511.548,-1.57488
11,262,757.116,590,25.2131,-1.69756
12,119,69.6575,587.949,62.5798,-2.16906
13,298,610.3,466.222,311.479,-1.5684
14,56,170.036,449.583,220.344,-1.11424
15,166,209.337,349.38,418.509,-1.5614
0,72,712.32,331.665,430.941,-1.5503
1,135,304.631,590,30.4048,-2.51076
2,14,528.177,581.363,263.814,-1.58105
3,30,658.573,588.374,204.853,-0.677904
4,15,229.916,321.463,468.255,-1.57832
5,286,272.688,590,30.3458,-1.28098
6,248,630.926,373.328,388.65,-1.5747
7,182,292.476,341.577,431.791,-1.5931
8,29,259.638,519.485,262.072,-1.94471
9,148,719.483,579.983,141.244,-1.73374
10,240,587.264,305.421,511.548,-1.57488
11,262,756.797,590,14.2661,-1.79614
12,119,66.1329,590,292.398,-1.69163
13,298,610.375,483.584,311.479,-1.5684
14,56,179.75,464.595,220.344,-1.11424
15,166,209.731,345.261,418.509,-1.5614
0,72,713.203,330.328,430.941,-1.5503
1,135,302.175,592.225,30.4048,-2.51076
2,14,527.907,612.313,263.814,-1.58105
3,30,674.528,601.595,204.853,-0.677904
4,15,229.916,321.463,468.255,-1.57832
5,286,272.688,590,30.3458,-1.28098
6,248,630.926,373.328,388.65,-1.5747
7,182,292.476,341.577,431.791,-1.5931
8,29,259.638,519.485,262.072,-1.94471
9,148,719.483,579.983,141.244,-1.73374
10,240,587.264,305.421,511.548,-1.57488
11,262,756.797,590,14.2661,-1.79614
12,119,66.1329,590,292.398,-1.69163
13,298,610.375,483.584,311.479,-1.5684
14,56,179.75,464.595,220.344,-1.11424
15,166,209.731,345.261,418.509,-1.5614
0,72,713.203,330.328,430.941,-1.5503
1,135,302.175,590,32.8355,-2.41548
2,14,527.907,590,303.322,-1.57972
3,30,674.528,590,205.534,-0.682011
4,15,229.564,310.409,468.255,-1.57832
5,286,273.556,590,13.9115,-0.897745
6,248,630.774,379.053,388.65,-1.5747
7,182,291.513,337.216,431.791,-1.5931
8,29,250.065,527.722,262.072,-1.94471
9,148,717.192,573.983,141.244,-1.73374
10,240,587.055,286.901,511.548,-1.57488
11,262,756.478,590,25.9456,-1.69397
12,119,62.6084,564.991,292.398,-1.69163
13,298,610.45,504.965,311.479,-1.5684
14,56,189.464,483.626,220.344,-1.11424
15,166,210.124,345.16,418.509,-1.5614
0,72,714.086,333.107,430.941,-1.5503
1,135,299.72,590,31.0283,-2.48375
2,14,527.636,563.785,303.322,-1.57972
3,30,690.484,581.16,205.534,-0.682011
4,15,229.212,303.47,468.255,-1.57832
5,286,274.423,590,30.9178,-1.28649
6,248,630.622,388.894,388.65,-1.5747
7,182,290.55,336.972,431.791,-1.5931
8,29,240.493,540.076,262.072,-1.94471
9,148,714.901,572.1,141.244,-1.73374
10,240,586.846,272.496,511.548,-1.57488
11,262,756.16,590,15.4355,-1.77881
12,119,59.0838,544.099,292.398,-1.69163
13,298,610.524,530.461,311.479,-1.5684
14,56,199.178,506.772,220.344,-1.11424
15,166,210.517,349.175,418.509,-1.5614
0,72,714.969,340.1,430.941,-1.5503
1,135,297.265,590,33.4424,-2.39527
2,14,527.366,541.784,303.322,-1.57972
3,30,700.06,578.709,205.534,-0.682011
4,15,228.86,300.746,468.255,-1.57832
5,286,275.29,590,14.9796,-0.953387
6,248,630.47,402.95,388.65,-1.5747
7,182,289.587,340.941,431.791,-1.5931
8,29,230.92,556.644,262.072,-1.94471
9,148,718.99,572.255,141.244,-1.73374
10,240,586.637,262.306,511.548,-1.57488
11,262,755.841,590,26.6876,-1.69053
12,119,55.5593,527.42,292.398,-1.69163
13,298,610.599,560.171,311.479,-1.5684
14,56,208.893,534.133,220.344,-1.11424
15,166,210.91,357.404,418.509,-1.5614
0,72,715.852,351.405,430.941,-1.5503
1,135,295.467,590,31.6717,-2.45789
2,14,527.095,524.095,303.322,-1.57972
3,30,708.303,572.719,205.534,-0.682011
4,15,228.508,302.334,468.255,-1.57832
5,286,275.499,590,31.5048,-1.29193
6,248,630.318,421.317,388.65,-1.5747
7,182,288.623,349.223,431.791,-1.5931
8,29,222.255,581.401,262.072,-1.94471
9,148,724.411,584.574,141.244,-1.73374
10,240,586.429,256.428,511.548,-1.57488
11,262,755.522,590,16.5999,-1.76402
12,119,52.0347,515.054,292.398,-1.69163
13,298,610.674,590,333.418,-1.56856
14,56,217.7,561.927,220.344,-1.11424
15,166,211.304,369.945,418.509,-1.5614
0,72,716.735,367.12,430.941,-1.5503
1,135,294.67,590,34.0644,-2.37573
2,14,526.824,510.816,303.322,-1.57972
3,30,724.319,576.285,234.85,0.91596
4,15,228.156,308.332,468.255,-1.57832
5,286,274.708,590,16.0756,-1.00101
6,248,630.167,444.094,388.65,-1.5747
7,182,287.66,361.915,431.791,-1.5931
8,29,211.433,590,178.523,-1.41237
9,148,722.059,590,81.823,-1.81222
10,240,586.22,254.959,511.548,-1.57488
11,262,755.203,590,27.4386,-1.68723
12,119,48.5101,507.097,292.398,-1.69163
13,298,610.749,561.068,333.418,-1.56856
14,56,228.663,590,392.05,-1.48657
15,166,211.697,386.896,418.509,-1.5614
0,72,717.618,387.343,430.941,-1.5503
1,135,293.877,590,32.3338,-2.43313
2,14,526.554,502.045,303.322,-1.57972
3,30,737.702,590,268.07,-1.008
4,15,227.804,318.838,468.255,-1.57832
5,286,273.913,590,32.1065,-1.2973
6,248,630.015,471.38,388.65,-1.5747
7,182,286.697,379.114,431.791,-1.5931
8,29,214.249,576.879,178.523,-1.41237
9,148,720.103,586.563,81.823,-1.81222
10,240,586.011,257.999,511.548,-1.57488
11,262,755.805,590,17.7591,-1.75127
12,119,44.9856,503.649,292.398,-1.69163
13,298,610.823,536.645,333.418,-1.56856
14,56,231.962,555.442,392.05,-1.48657
15,166,212.09,408.355,418.509,-1.5614
0,72,718.501,412.172,430.941,-1.5503
1,135,293.084,590,34.7006,-2.35685
2,14,526.283,497.88,303.322,-1.57972
3,30,752.005,571.934,268.07,-1.008
4,15,227.451,333.95,468.255,-1.57832
5,286,273.119,590,17.1914,-1.04206
6,248,629.863,503.271,388.65,-1.5747
7,182,285.734,400.92,431.791,-1.5931
8,29,217.065,568.365,178.523,-1.41237
9,148,718.147,587.732,81.823,-1.81222
10,240,585.802,265.644,511.548,-1.57488
11,262,755.486,590,28.1983,-1.68408
12,119,41.461,504.806,292.398,-1.69163
13,298,610.898,516.827,333.418,-1.56856
14,56,235.26,525.49,392.05,-1.48657
15,166,212.483,434.42,418.509,-1.5614
0,72,719.384,441.705,430.941,-1.5503
1,135,292.29,590,33.0133,-2.40943
2,14,526.013,498.419,303.322,-1.57972
3,30,766.308,558.571,268.07,-1.008
4,15,227.099,353.765,468.255,-1.57832
5,286,272.324,590,32.7222,-1.30257
6,248,629.711,539.866,388.65,-1.5747
7,182,284.771,427.43,431.791,-1.5931
8,29,219.882,564.554,178.523,-1.41237
9,148,716.19,590,60.7891,-1.89844
10,240,585.594,277.994,511.548,-1.57488
11,262,755.167,590,18.9125,-1.74015
12,119,37.9365,510.667,292.398,-1.69163
13,298,610.973,501.713,333.418,-1.56856
14,56,238.558,500.242,392.05,-1.48657
15,166,212.877,465.189,418.509,-1.5614
0,72,720.267,476.04,430.941,-1.5503
1,135,291.497,590,35.3505,-2.33861
2,14,525.742,503.76,303.322,-1.57972
3,30,780.611,550.011,268.07,-1.008
4,15,226.747,378.383,468.255,-1.57832
5,286,271.529,590,18.3209,-1.07771
6,248,629.559,581.263,388.65,-1.5747
7,182,283.808,458.741,431.791,-1.5931
8,29,222.698,565.545,178.523,-1.41237
9,148,714.234,589.046,60.7891,-1.89844
10,240,585.385,295.146,511.548,-1.57488
11,262,754.849,590,28.9664,-1.68107
12,119,34.4119,521.331,292.398,-1.69163
13,298,611.047,491.401,333.418,-1.56856
14,56,241.857,479.796,392.05,-1.48657
15,166,213.27,500.76,418.509,-1.5614
0,72,721.15,515.275,430.941,-1.5503
1,135,290.703,590,33.709,-2.38676
2,14,525.472,514.001,303.322,-1.57972
3,30,790,546.35,144.871,-2.88616
4,15,226.395,407.901,468.255,-1.57832
5,286,270.734,590,33.3515,-1.30775
6,248,629.407,590,453.716,-1.57414
7,182,282.845,494.953,431.791,-1.5931
8,29,225.515,571.436,178.523,-1.41237
9,148,712.278,590,43.3415,-2.03909
10,240,585.176,317.197,511.548,-1.57488
11,262,754.53,590,20.0602,-1.73038
12,119,30.8874,536.894,292.398,-1.69163
13,298,611.122,485.99,333.418,-1.56856
14,56,245.155,464.25,392.05,-1.48657
15,166,213.663,541.231,418.509,-1.5614
0,72,722.033,559.508,430.941,-1.5503
1,135,289.91,590,36.0134,-2.32098
2,14,525.201,529.24,303.322,-1.57972
3,30,775.983,547.688,144.871,-2.88616
4,15,226.043,442.417,468.255,-1.57832
5,286,269.94,590,19.4594,-1.1089
6,248,629.255,549.627,453.716,-1.57414
7,182,281.882,536.163,431.791,-1.5931
8,29,230.755,581.583,240.528,2.35818
9,148,710.321,590,22.4819,-2.62632
10,240,584.967,344.247,511.548,-1.57488
11,262,754.211,590,29.7425,-1.67818
12,119,27.3628,557.456,292.398,-1.69163
13,298,611.197,485.576,333.418,-1.56856
14,56,248.453,453.702,392.05,-1.48657
15,166,211.633,587.442,445.736,1.48403
0,72,722.916,590,483.504,-1.55253
1,135,291.394,590,34.4196,-2.36506
2,14,524.93,549.575,303.322,-1.57972
3,30,761.966,554.122,144.871,-2.88616
4,15,225.691,482.029,468.255,-1.57832
5,286,268.204,590,33.9938,-1.31284
6,248,629.104,514.349,453.716,-1.57414
7,182,279.583,578.356,431.791,-1.5931
8,29,213.713,590,275.358,-2.23812
9,148,708.365,590,43.7064,-2.03487
10,240,584.759,376.392,511.548,-1.57488
11,262,753.892,590,21.202,-1.72172
12,119,23.8383,583.113,292.398,-1.69163
13,298,611.272,490.258,333.418,-1.56856
14,56,251.752,448.25,392.05,-1.48657
15,166,215.495,590,486.654,-1.49135
0,72,723.799,546.852,483.504,-1.55253
1,135,288.995,590,36.6887,-2.30396
2,14,524.66,575.104,303.322,-1.57972
3,30,747.949,565.749,144.871,-2.88616
4,15,225.339,526.835,468.255,-1.57832
5,286,269.014,590,20.6035,-1.13636
6,248,628.952,484.266,453.716,-1.57414
7,182,278.619,590,504.788,-1.58988
8,29,196.672,573.565,275.358,-2.23812
9,148,706.409,590,23.2688,-2.56942
10,240,584.55,413.732,511.548,-1.57488
11,262,753.573,590,30.5262,-1.67541
12,119,20.3137,590,304.391,-1.68685
13,298,611.346,500.134,333.418,-1.56856
14,56,255.05,447.992,392.05,-1.48657
15,166,219.357,546.682,486.654,-1.49135
0,72,724.682,508.995,483.504,-1.55253
1,135,288.198,590,35.1443,-2.34429
2,14,524.389,590,302.058,-1.57975
3,30,733.932,582.669,144.871,-2.88616
4,15,224.987,576.932,468.255,-1.57832
5,286,268.224,590,34.6486,-1.31782
6,248,628.8,459.475,453.716,-1.57414
7,182,277.656,544.822,504.788,-1.58988
8,29,179.63,562.422,275.358,-2.23812
9,148,704.452,590,44.0919,-2.0305
10,240,584.341,456.364,511.548,-1.57488
11,262,753.255,590,22.338,-1.71399
12,119,16.7891,565.058,304.391,-1.68685
13,298,611.421,515.303,333.418,-1.56856
14,56,258.349,453.025,392.05,-1.48657
15,166,223.22,508.656,486.654,-1.49135
0,72,725.565,476.529,483.504,-1.55253
1,135,287.404,590,37.376,-2.28752
2,14,524.119,565.185,302.058,-1.57975
3,30,719.915,590,259.708,-2.1409
4,15,224.635,590,543.792,-1.57727
5,286,267.429,590,21.7506,-1.16069
6,248,628.648,440.073,453.716,-1.57414
7,182,276.693,505.035,504.788,-1.58988
8,29,162.589,556.67,275.358,-2.23812
9,148,702.496,590,24.1132,-2.51715
10,240,584.133,504.385,511.548,-1.57488
11,262,752.936,590,31.3174,-1.67276
12,119,13.2646,545.505,304.391,-1.68685
13,298,611.496,535.861,333.418,-1.56856
14,56,261.647,463.449,392.05,-1.48657
15,166,227.082,476.02,486.654,-1.49135
0,72,726.448,449.55,483.504,-1.55253
1,135,284.949,592.67,37.376,-2.28752
2,14,523.848,545.859,302.058,-1.57975
3,30,705.898,573.625,259.708,-2.1409
4,15,224.283,541.11,543.792,-1.57727
5,286,268.297,593.493,21.7506,-1.16069
6,248,628.496,426.16,453.716,-1.57414
7,182,275.73,470.735,504.788,-1.58988
8,29,145.547,556.405,275.358,-2.23812
9,148,700.54,594.078,24.1132,-2.51715
10,240,583.924,557.895,511.548,-1.57488
11,262,752.617,592.372,31.3174,-1.67276
12,119,9.74003,531.441,304.391,-1.68685
13,298,611.57,561.907,333.418,-1.56856
14,56,264.945,479.361,392.05,-1.48657
15,166,230.945,448.872,486.654,-1.49135
0,72,726.448,449.55,483.504,-1.55253
1,135,286.61,590,35.882,-2.3244
2,14,523.848,545.859,302.058,-1.57975
3,30,705.898,573.625,259.708,-2.1409
4,15,224.283,541.11,543.792,-1.57727
5,286,266.635,590,35.3156,-1.3227
6,248,628.496,426.16,453.716,-1.57414
7,182,278.147,468.802,284.606,-1.96991
8,29,145.547,556.405,275.358,-2.23812
9,148,700.54,590,44.4975,-2.02599
10,240,583.924,557.895,511.548,-1.57488
11,262,752.617,590,23.4682,-1.70705
12,119,10,531.441,144.823,-1.32997
13,298,611.57,561.907,333.418,-1.56856
14,56,262.529,481.294,375.627,-0.278731
15,166,230.945,448.872,486.654,-1.49135
0,72,727.331,428.158,483.504,-1.55253
1,135,285.817,590,38.0745,-2.27165
2,14,523.578,532.118,302.058,-1.57975
3,30,691.881,562.835,259.708,-2.1409
4,15,223.93,497.806,543.792,-1.57727
5,286,265.84,590,22.8988,-1.18239
6,248,628.344,417.833,453.716,-1.57414
7,182,267.087,448.164,284.606,-1.96991
8,29,128.505,561.726,275.358,-2.23812
9,148,698.584,590,25.0059,-2.46918
10,240,583.715,590,579.141,-1.5744
11,262,752.298,590,32.1157,-1.67022
12,119,13.4541,522.962,144.823,-1.32997
13,298,611.645,590,309.997,-1.56839
14,56,298.642,476.546,375.627,-0.278731
15,166,234.807,427.311,486.654,-1.49135
0,72,728.214,412.45,483.504,-1.55253
1,135,285.023,590,36.6317,-2.30537
2,14,523.307,524.062,302.058,-1.57975
3,30,677.864,557.73,259.708,-2.1409
4,15,223.578,460.186,543.792,-1.57727
5,286,265.046,590,35.9941,-1.32747
6,248,628.192,415.189,453.716,-1.57414
7,182,256.027,433.211,284.606,-1.96991
8,29,111.464,572.731,275.358,-2.23812
9,148,696.627,590,44.9225,-2.02137
10,240,583.506,537.77,579.141,-1.5744
11,262,751.979,590,24.5927,-1.70078
12,119,16.9081,520.168,144.823,-1.32997
13,298,611.72,564.684,309.997,-1.56839
14,56,334.755,477.481,375.627,-0.278731
15,166,238.67,411.433,486.654,-1.49135
0,72,729.097,402.523,483.504,-1.55253
1,135,284.23,590,38.7838,-2.25632
2,14,523.036,521.787,302.058,-1.57975
3,30,663.847,558.406,259.708,-2.1409
4,15,223.226,428.348,543.792,-1.57727
5,286,264.251,590,24.0466,-1.20185
6,248,628.041,418.328,453.716,-1.57414
7,182,244.967,424.039,284.606,-1.96991
8,29,94.4221,589.518,275.358,-2.23812
9,148,694.671,590,25.939,-2.42521
10,240,583.298,491.323,579.141,-1.5744
11,262,751.661,590,32.9207,-1.66778
12,119,20.3622,523.156,144.823,-1.32997
13,298,611.794,545.151,309.997,-1.56839
14,56,370.868,484.198,375.627,-0.278731
15,166,242.532,401.337,486.654,-1.49135
0,72,729.98,398.477,483.504,-1.55253
1,135,283.436,590,37.3928,-2.28713
2,14,522.766,525.392,302.058,-1.57975
3,30,649.83,564.963,259.708,-2.1409
4,15,222.874,402.39,543.792,-1.57727
5,286,263.457,590,36.6839,-1.33214
6,248,627.889,427.346,453.716,-1.57414
7,182,233.907,420.747,284.606,-1.96991
8,29,77.3804,590,279.977,-2.22519
9,148,692.715,590,45.3661,-2.01664
10,240,583.089,450.755,579.141,-1.5744
11,262,751.342,590,25.7116,-1.69509
12,119,23.8163,532.023,144.823,-1.32997
13,298,611.869,531.497,309.997,-1.56839
14,56,406.981,496.795,375.627,-0.278731
15,166,246.395,397.121,486.654,-1.49135
0,72,730.863,400.408,483.504,-1.55253
1,135,282.642,590,39.5034,-2.24151
2,14,522.495,534.976,302.058,-1.57975
3,30,635.813,577.498,259.708,-2.1409
4,15,222.522,382.41,543.792,-1.57727
5,286,262.662,590,25.1928,-1.21938
6,248,627.737,442.343,453.716,-1.57414
7,182,222.847,423.433,284.606,-1.96991
8,29,60.3388,573.764,279.977,-2.22519
9,148,690.758,590,26.9054,-2.38488
10,240,582.88,416.165,579.141,-1.5744
11,262,751.023,590,33.7323,-1.66544
12,119,27.2703,546.869,144.823,-1.32997
13,298,611.944,523.822,309.997,-1.56839
14,56,443.094,515.37,375.627,-0.278731
15,166,250.257,398.883,486.654,-1.49135
0,72,731.746,408.416,483.504,-1.55253
1,135,281.849,590,38.1643,-2.26966
2,14,522.225,550.635,302.058,-1.57975
3,30,621.796,590,230.025,-2.22606
4,15,222.17,368.505,543.792,-1.57727
5,286,261.868,590,37.3844,-1.33669
6,248,627.585,463.416,453.716,-1.57414
7,182,211.788,432.196,284.606,-1.96991
8,29,46.4987,562.538,279.977,-2.22519
9,148,688.802,590,45.8279,-2.01183
10,240,582.671,387.652,579.141,-1.5744
11,262,750.704,590,26.8251,-1.68991
12,119,27.5229,568.856,144.823,-1.32997
13,298,612.019,522.222,309.997,-1.56839
14,56,479.207,540.021,375.627,-0.278731
15,166,254.119,406.721,486.654,-1.49135
0,72,732.629,422.598,483.504,-1.55253
1,135,281.055,590,40.2328,-2.2272
2,14,528.351,574.033,302.058,-1.57975
3,30,607.779,577.936,230.025,-2.22606
4,15,221.818,360.775,543.792,-1.57727
5,286,261.073,590,26.3365,-1.23526
6,248,627.433,490.662,453.716,-1.57414
7,182,200.728,447.132,284.606,-1.96991
8,29,29.4571,558.553,279.977,-2.22519
9,148,686.846,590,27.8992,-2.34787
10,240,582.463,365.312,579.141,-1.5744
11,262,750.385,590,34.5502,-1.66319
12,119,30.977,590,267.774,-1.44144
13,298,612.093,526.796,309.997,-1.56839
14,56,508.923,569.282,375.627,-0.278731
15,166,257.982,420.733,486.654,-1.49135
0,72,733.512,443.051,483.504,-1.55253
1,135,280.261,590,38.9457,-2.25292
2,14,526.857,590,703.068,-0.631721
3,30,593.762,572.143,230.025,-2.22606
4,15,221.466,359.317,543.792,-1.57727
5,286,260.279,590,38.0953,-1.34114
6,248,627.281,524.181,453.716,-1.57414
7,182,189.668,468.34,284.606,-1.96991
8,29,12.4155,560.839,279.977,-2.22519
9,148,684.889,590,46.3071,-2.00695
10,240,582.254,349.244,579.141,-1.5744
11,262,750.067,590,27.9332,-1.68516
12,119,34.431,569.718,267.774,-1.44144
13,298,612.168,537.643,309.997,-1.56839
14,56,546.259,590,394.685,-0.98378
15,166,261.844,441.017,486.654,-1.49135
0,72,734.395,469.875,483.504,-1.55253
1,135,279.468,590,40.9715,-2.21339
2,14,584.498,553.573,521.636,0.611529
3,30,581.326,574.955,307.23,-1.81641
4,15,221.114,364.229,543.792,-1.57727
5,286,259.485,590,27.4771,-1.2497
6,248,628.19,564.726,350.002,1.88534
7,182,178.608,495.919,284.606,-1.96991
8,29,10,569.495,188.108,0.478186
9,148,682.933,590,28.9155,-2.31386
10,240,582.045,339.546,579.141,-1.5744
11,262,749.748,590,35.3741,-1.66103
12,119,37.8851,555.807,267.774,-1.44144
13,298,611.182,554.203,244.169,1.19507
14,56,565.636,562.553,394.685,-0.98378
15,166,265.707,467.671,486.654,-1.49135
0,72,735.278,503.166,483.504,-1.55253
1,135,278.674,590,39.7362,-2.23687
2,14,632.145,590,649.774,-2.27473
3,30,572.355,552.622,426.321,-1.17341
4,15,220.762,375.609,543.792,-1.57727
5,286,258.69,590,38.8162,-1.34548
6,248,616.664,590,372.448,-1.81193
7,182,167.548,529.965,284.606,-1.96991
8,29,26.7008,584.619,188.108,0.478186
9,148,680.977,590,46.8034,-2.00201
10,240,581.836,336.317,579.141,-1.5744
11,262,749.429,590,29.0363,-1.6808
12,119,41.3392,548.363,267.774,-1.44144
13,298,615.902,580.339,328.995,1.21914
14,56,588.997,541.529,145.872,-0.904151
15,166,269.569,500.793,486.654,-1.49135
0,72,736.161,543.024,483.504,-1.55253
1,135,277.88,590,41.7192,-2.20004
2,14,587.993,549.786,602.85,-2.32805
3,30,588.217,519.086,340.28,-0.481637
4,15,220.41,393.555,543.792,-1.57727
5,286,257.896,590,28.6141,-1.26288
6,248,607.77,560.399,372.448,-1.81193
7,182,156.488,570.577,284.606,-1.96991
8,29,43.4016,590,270.323,-0.904845
9,148,679.021,590,29.9501,-2.28257
10,240,581.628,339.653,579.141,-1.5744
11,262,749.11,590,36.2038,-1.65896
12,119,44.7932,547.485,267.774,-1.44144
13,298,627.235,590,384.128,-1.27132
14,56,600.752,534.671,138.702,-1.45936
15,166,273.432,540.481,486.654,-1.49135
0,72,733.337,588.437,483.504,-1.55253
1,135,276.866,590,40.5352,-2.22147
2,14,546.581,512.64,602.85,-2.32805
3,30,618.374,509.987,340.28,-0.481637
4,15,220.057,418.165,543.792,-1.57727
5,286,257.102,590,39.5467,-1.34971
6,248,597.324,541.959,372.448,-1.81193
7,182,145.428,590,476.325,-1.80513
8,29,60.1023,575.408,270.323,-0.904845
9,148,677.064,590,47.3159,-1.99704
10,240,581.419,349.653,579.141,-1.5744
11,262,752.499,590,30.1343,-1.67678
12,119,48.2473,553.272,267.774,-1.44144
13,298,638.568,559.961,384.128,-1.27132
14,56,603.846,523.053,138.702,-1.45936
15,166,277.515,580.035,486.654,-1.49135
0,72,734.22,590,522.253,-1.55389
1,135,276.182,590,42.4753,-2.18714
2,14,505.17,482.255,602.85,-2.32805
3,30,648.531,507.65,340.28,-0.481637
4,15,219.705,449.537,543.792,-1.57727
5,286,256.197,590,29.7472,-1.27498
6,248,587.071,526.032,177.917,-1.92999
7,182,134.368,550.431,476.325,-1.80513
8,29,76.8031,567.577,270.323,-0.904845
9,148,675.108,590,30.9992,-2.25373
10,240,581.21,366.416,579.141,-1.5744
11,262,752.18,590,37.0391,-1.65696
12,119,51.7014,565.82,267.774,-1.44144
13,298,649.9,536.684,384.128,-1.27132
14,56,606.747,522.447,103.029,2.96874
15,166,281.377,590,521.949,-1.49673
0,72,735.103,544.642,522.253,-1.55389
1,135,275.389,590,41.3422,-2.20669
2,14,463.758,458.731,602.85,-2.32805
3,30,679.033,512.014,199.247,0.567952
4,15,219.353,487.769,543.792,-1.57727
5,286,255.403,590,40.2864,-1.35384
6,248,580.817,516.235,177.917,-1.92999
7,182,123.308,517.723,476.325,-1.80513
8,29,93.5039,566.607,270.323,-0.904845
9,148,673.152,590,47.8443,-1.99203
10,240,581.001,390.038,579.141,-1.5744
11,262,751.861,590,31.2275,-1.67305
12,119,55.1554,585.228,267.774,-1.44144
13,298,660.888,520.426,212.392,-0.931177
14,56,596.598,531.079,103.029,2.96874
15,166,285.239,544.808,521.949,-1.49673
0,72,735.986,506.242,522.253,-1.55389
1,135,274.595,590,43.2395,-2.17467
2,14,422.346,442.164,602.85,-2.32805
3,30,695.829,529.689,199.247,0.567952
4,15,219.001,532.958,543.792,-1.57727
5,286,254.608,590,30.8761,-1.2861
6,248,574.563,513.397,177.917,-1.92999
7,182,112.248,491.972,476.325,-1.80513
8,29,110.205,572.595,270.323,-0.904845
9,148,671.195,590,32.0599,-2.2271
10,240,580.793,420.618,579.141,-1.5744
11,262,751.542,590,37.8797,-1.65505
12,119,58.6095,590,260.688,-1.43791
13,298,673.565,510.344,212.392,-0.931177
14,56,586.448,546.669,103.029,2.96874
15,166,289.102,506.574,521.949,-1.49673
0,72,736.869,474.898,522.253,-1.55389
1,135,273.801,590,42.1566,-2.19251
2,14,380.935,432.654,602.85,-2.32805
3,30,712.626,554.421,199.247,0.567952
4,15,218.649,585.204,543.792,-1.57727
5,286,253.814,590,41.035,-1.35786
6,248,568.308,517.615,177.917,-1.92999
7,182,101.189,473.277,476.325,-1.80513
8,29,126.905,585.638,270.323,-0.904845
9,148,669.239,590,48.3881,-1.987
10,240,580.584,458.254,579.141,-1.5744
11,262,751.223,590,32.316,-1.6696
12,119,62.0636,571.217,260.688,-1.43791
13,298,686.243,507.317,212.392,-0.931177
14,56,576.299,569.315,103.029,2.96874
15,166,292.964,475.397,521.949,-1.49673
0,72,737.752,450.708,522.253,-1.55389
1,135,273.801,590,42.1566,-2.19251
2,14,380.935,432.654,602.85,-2.32805
3,30,712.626,554.421,199.247,0.567952
4,15,218.649,585.204,543.792,-1.57727
5,286,253.814,590,41.035,-1.35786
6,248,568.308,517.615,177.917,-1.92999
7,182,101.189,473.277,476.325,-1.80513
8,29,126.905,585.638,270.323,-0.904845
9,148,669.239,590,48.3881,-1.987
10,240,580.584,458.254,579.141,-1.5744
11,262,751.223,590,32.316,-1.6696
12,119,62.0636,571.217,260.688,-1.43791
13,298,686.243,507.317,212.392,-0.931177
14,56,576.299,569.315,103.029,2.96874
15,166,292.964,475.397,521.949,-1.49673
0,72,737.752,450.708,522.253,-1.55389
1,135,273.007,590,44.0114,-2.16262
2,14,339.523,430.297,602.85,-2.32805
3,30,729.422,586.307,199.247,0.567952
4,15,218.297,590,582.129,-1.57684
5,286,253.02,590,32.0006,-1.29637
6,248,562.054,528.987,177.917,-1.92999
7,182,90.1286,461.736,476.325,-1.80513
8,29,143.606,590,258.98,-0.869946
9,148,667.283,590,33.1296,-2.20246
10,240,580.375,503.045,579.141,-1.5744
11,262,750.905,590,38.7254,-1.6532
12,119,65.5176,559.588,260.688,-1.43791
13,298,698.92,511.444,212.392,-0.931177
14,56,566.15,590,309.173,-1.90527
15,166,296.827,451.373,521.949,-1.49673
0,72,738.635,433.77,522.253,-1.55389
1,135,272.214,590,42.978,-2.17888
2,14,289.654,437.135,472.814,-0.320905
3,30,746.219,590,418.715,-1.15803
4,15,217.945,539.04,582.129,-1.57684
5,286,252.225,590,41.7921,-1.36177
6,248,555.8,547.61,177.917,-1.92999
7,182,79.0687,457.448,476.325,-1.80513
8,29,160.307,577.458,258.98,-0.869946
9,148,665.326,590,48.9466,-1.98196
10,240,580.166,555.087,579.141,-1.5744
11,262,750.586,590,33.3999,-1.66638
12,119,68.9717,555.211,260.688,-1.43791
13,298,711.598,522.823,212.392,-0.931177
14,56,556,568.048,309.173,-1.90527
15,166,309.147,432.659,154.823,-1.79314
0,72,739.518,424.183,522.253,-1.55389
1,135,271.42,590,44.7908,-2.15097
2,14,334.522,429.571,472.814,-0.320905
3,30,763.015,558.995,418.715,-1.15803
4,15,217.593,495.43,582.129,-1.57684
5,286,251.431,590,33.1206,-1.30588
6,248,549.546,573.584,177.917,-1.92999
7,182,68.0088,460.509,476.325,-1.80513
8,29,177.008,572.267,258.98,-0.869946
9,148,663.37,590,34.2062,-2.17962
10,240,579.958,590,582.048,-1.57438
11,262,750.267,590,39.576,-1.65143
12,119,72.4258,558.184,260.688,-1.43791
13,298,724.275,541.553,212.392,-0.931177
14,56,545.851,553.446,309.173,-1.90527
15,166,305.733,424.908,154.823,-1.79314
0,72,740.401,422.043,522.253,-1.55389
1,135,270.626,590,43.8059,-2.16578
2,14,379.389,429.455,472.814,-0.320905
3,30,779.812,535.438,418.715,-1.15803
4,15,217.241,459.268,582.129,-1.57684
5,286,250.637,590,42.5575,-1.36559
6,248,543.292,590,333.45,-1.75947
7,182,56.9489,471.018,476.325,-1.80513
8,29,193.709,574.523,258.98,-0.869946
9,148,661.414,590,49.5195,-1.97692
10,240,579.749,539.244,582.048,-1.57438
11,262,749.948,590,34.4795,-1.66338
12,119,75.8798,568.605,260.688,-1.43791
13,298,736.953,567.73,212.392,-0.931177
14,56,535.701,546.292,309.173,-1.90527
15,166,302.318,424.605,154.823,-1.79314
0,72,741.284,427.449,522.253,-1.55389
1,135,269.832,590,45.5771,-2.13971
2,14,424.257,436.885,472.814,-0.320905
3,30,790,519.427,229.63,-2.37005
4,15,216.889,430.652,582.129,-1.57684
5,286,249.843,590,34.236,-1.3147
6,248,537.038,564.793,333.45,-1.75947
7,182,45.889,489.073,476.325,-1.80513
8,29,210.409,584.325,258.98,-0.869946
9,148,659.458,590,35.288,-2.15841
10,240,579.54,496.033,582.048,-1.57438
11,262,749.629,587.783,349.994,1.57981
12,119,79.3339,586.572,260.688,-1.43791
13,298,749.631,590,142.158,-0.469972
14,56,525.552,546.684,309.173,-1.90527
15,166,298.904,431.848,154.823,-1.79314
0,72,742.167,440.499,522.253,-1.55389
1,135,269.038,590,44.6399,-2.15319
2,14,469.125,451.96,472.814,-0.320905
3,30,773.539,511.06,229.63,-2.37005
4,15,216.536,409.681,582.129,-1.57684
5,286,249.048,590,43.3307,-1.3693
6,248,532.084,546.596,188.105,-2.19733
7,182,34.8291,514.773,476.325,-1.80513
8,29,227.11,590,239.005,-0.797131
9,148,657.501,590,50.1062,-1.97189
10,240,579.331,460.467,582.048,-1.57438
11,262,749.313,590,417.903,-1.57834
12,119,82.788,590,253.353,-1.43404
13,298,762.306,590,127.296,-0.092994
14,56,514.103,555.353,112.28,-0.202931
15,166,295.49,446.735,154.823,-1.79314
0,72,743.05,461.291,522.253,-1.55389
1,135,268.245,590,46.3702,-2.12881
2,14,513.992,474.776,472.814,-0.320905
3,30,757.079,510.436,229.63,-2.37005
4,15,216.184,396.451,582.129,-1.57684
5,286,249.312,590,23.1121,-1.37219
6,248,521.054,539.101,188.105,-2.19733
7,182,23.7692,548.214,476.325,-1.80513
8,29,242.753,577.598,208.86,0.111647
9,148,655.545,590,36.3734,-2.13866
10,240,579.123,432.642,582.048,-1.57438
11,262,748.998,555.953,417.903,-1.57834
12,119,86.2421,572.643,253.353,-1.43404
13,298,774.98,590,142.117,-0.469403
14,56,525.1,560.832,112.28,-0.202931
15,166,292.076,469.364,154.823,-1.79314
0,72,743.933,489.923,522.253,-1.55389
1,135,271.404,590,45.4796,-2.14108
2,14,558.86,505.432,472.814,-0.320905
3,30,739.103,515.378,229.63,-2.37005
4,15,215.832,391.061,582.129,-1.57684
5,286,247.104,590,44.5794,-1.17927
6,248,510.025,539.445,188.105,-2.19733
7,182,12.7093,589.495,476.325,-1.80513
8,29,260.558,581.779,251.451,1.22696
9,148,653.589,590,50.7062,-1.96688
10,240,578.914,412.658,582.048,-1.57438
11,262,750.198,532.018,417.903,-1.57834
12,119,89.6961,563.126,253.353,-1.43404
13,298,787.655,590,127.498,-0.108689
14,56,536.098,574.151,112.28,-0.202931
15,166,288.662,499.832,154.823,-1.79314
0,72,743.654,529.414,462.864,-0.877555
1,135,268.948,590,136.006,-1.74917
2,14,603.728,544.026,472.814,-0.320905
3,30,722.642,530.531,229.63,-2.37005
4,15,215.48,393.609,582.129,-1.57684
5,286,248.805,590,41.0965,-1.14402
6,248,498.996,547.727,188.105,-2.19733
7,182,10,590,494.376,-1.34976
8,29,269.036,590,150.608,0.988702
9,148,651.632,590,37.4611,-2.12024
10,240,578.705,400.611,582.048,-1.57438
11,262,751.044,510.829,83.4913,2.95309
12,119,93.1502,561.548,253.353,-1.43404
13,298,790,590,139.839,-2.6643
14,56,547.095,590,235.567,-1.08506
15,166,285.248,538.239,154.823,-1.79314
0,72,773.233,501.847,462.864,-0.877555
1,135,264.464,584.253,47.4939,-2.00683
2,14,646.635,583.066,472.814,-0.320905
3,30,706.182,553.72,229.63,-2.37005
4,15,215.128,404.193,582.129,-1.57684
5,286,249.952,590,44.9572,-0.98644
6,248,487.966,564.045,188.105,-2.19733
7,182,20.8387,549.801,494.376,-1.34976
8,29,277.316,590,218.35,-1.18185
9,148,651.636,590,51.3192,-1.96189
10,240,578.497,396.601,582.048,-1.57438
11,262,742.842,520.429,83.4913,2.95309
12,119,96.6043,568.005,253.353,-1.43404
13,298,777.579,590,125.211,-3.01508
14,56,558.093,577.204,235.567,-1.08506
15,166,284.458,584.747,466.795,1.68
0,72,790,482.414,348.98,-2.55102
1,135,265.911,585.911,47.4939,-2.00683
2,14,691.503,590,699.533,-0.874481
3,30,689.721,585.043,229.63,-2.37005
4,15,214.776,422.911,582.129,-1.57684
5,286,248.979,590,49.61,-1.04729
6,248,476.937,588.498,188.105,-2.19733
7,182,31.6774,517.736,494.376,-1.34976
8,29,285.596,577.93,218.35,-1.18185
9,148,649.68,590,38.5502,-2.10303
10,240,578.288,400.725,582.048,-1.57438
11,262,734.641,538.164,83.4913,2.95309
12,119,100.058,582.596,253.353,-1.43404
13,298,765.158,590,139.835,-2.66435
14,56,569.09,572.542,235.567,-1.08506
15,166,279.371,590,536.863,-1.6657
0,72,761.013,471.214,348.98,-2.55102
1,135,267.194,590,119.888,-1.7389
2,14,736.37,544.563,699.533,-0.874481
3,30,673.26,590,421.141,-1.97236
4,15,214.424,449.861,582.129,-1.57684
5,286,248.17,590,45.8533,-0.99931
6,248,465.908,590,338.763,-1.90242
7,182,42.5161,493.904,494.376,-1.34976
8,29,293.876,574.092,218.35,-1.18185
9,148,647.724,590,51.9447,-1.95693
10,240,578.079,413.08,582.048,-1.57438
11,262,726.44,564.13,83.4913,2.95309
12,119,103.512,590,226.319,-1.41758
13,298,752.737,590,125.469,-2.99982
14,56,580.088,576.112,235.567,-1.08506
15,166,274.283,544.787,536.863,-1.6657
0,72,732.026,468.343,348.98,-2.55102
1,135,266.69,585.688,119.888,-1.7389
2,14,781.238,507.456,699.533,-0.874481
3,30,656.8,559.566,421.141,-1.97236
4,15,214.072,485.141,582.129,-1.57684
5,286,249.149,590,50.3675,-1.05594
6,248,454.879,566.299,338.763,-1.90242
7,182,53.3548,478.401,494.376,-1.34976
8,29,302.156,578.584,218.35,-1.18185
9,148,645.767,590,39.6397,-2.08692
10,240,577.87,433.766,582.048,-1.57438
11,262,718.239,590,345.967,-1.81013
12,119,106.966,575.963,226.319,-1.41758
13,298,740.316,590,139.849,-2.66416
14,56,591.086,588.012,235.567,-1.08506
15,166,269.196,507.904,536.863,-1.6657
0,72,703.039,473.901,348.98,-2.55102
1,135,264.684,590.626,119.888,-1.7389
2,14,826.106,478.777,699.533,-0.874481
3,30,640.339,537.56,421.141,-1.97236
4,15,213.719,528.849,582.129,-1.57684
5,286,251.629,594.044,50.3675,-1.05594
6,248,454.879,566.299,338.763,-1.90242
7,182,53.3548,478.401,494.376,-1.34976
8,29,302.156,578.584,218.35,-1.18185
9,148,645.767,590,39.6397,-2.08692
10,240,577.87,433.766,582.048,-1.57438
11,262,718.239,590,345.967,-1.81013
12,119,106.966,575.963,226.319,-1.41758
13,298,740.316,590,139.849,-2.66416
14,56,591.086,588.012,235.567,-1.08506
15,166,269.196,507.904,536.863,-1.6657
0,72,703.039,473.901,348.98,-2.55102
1,135,267.83,589.802,119.888,-1.7389
2,14,790,478.777,524.964,-2.56365
3,30,640.339,537.56,421.141,-1.97236
4,15,213.719,528.849,582.129,-1.57684
5,286,248.483,590,46.7533,-1.01164
6,248,443.849,551.027,338.763,-1.90242
7,182,64.1936,471.326,494.376,-1.34976
8,29,310.436,590,151.285,-0.991644
9,148,643.811,590,52.5822,-1.952
10,240,577.662,462.879,582.048,-1.57438
11,262,710.038,564.817,345.967,-1.81013
12,119,110.421,570.354,226.319,-1.41758
13,298,727.895,590,125.751,-2.98494
14,56,602.083,590,227.555,-1.06638
15,166,264.109,479.45,536.863,-1.6657
0,72,674.052,487.984,348.98,-2.55102
1,135,267.023,590,130.688,-1.781
2,14,746.03,458.624,524.964,-2.56365
3,30,623.878,524.08,421.141,-1.97236
4,15,213.367,581.083,582.129,-1.57684
5,286,249.765,590,54.5288,-1.02717
6,248,432.82,544.28,338.763,-1.90242
7,182,75.0323,472.777,494.376,-1.34976
8,29,318.716,585.865,151.285,-0.991644
9,148,641.855,590,40.729,-2.07181
10,240,577.453,500.519,582.048,-1.57438
11,262,701.836,548.161,345.967,-1.81013
12,119,113.875,573.272,226.319,-1.41758
13,298,715.474,590,139.88,-2.66373
14,56,613.081,578.605,227.555,-1.06638
15,166,259.021,459.521,536.863,-1.6657
0,72,645.065,510.692,348.98,-2.55102
1,135,266.66,584.205,49.7028,-2.16786
2,14,702.059,447.095,524.964,-2.56365
3,30,607.418,519.224,421.141,-1.97236
4,15,213.015,590,596.419,-1.5767
5,286,250.221,590,47.9665,-0.933967
6,248,421.791,546.158,338.763,-1.90242
7,182,85.871,482.852,494.376,-1.34976
8,29,326.996,590,93.7594,-0.488335
9,148,639.898,590,53.2314,-1.94712
10,240,577.244,546.782,582.048,-1.57438
11,262,693.635,540.128,345.967,-1.81013
12,119,117.329,584.813,226.319,-1.41758
13,298,703.052,590,126.053,-2.9704
14,56,624.078,575.833,227.555,-1.06638
15,166,253.934,448.216,536.863,-1.6657
0,72,616.078,542.121,348.98,-2.55102
1,135,267.193,586.952,49.7028,-2.16786
2,14,658.089,444.289,524.964,-2.56365
3,30,590.957,523.09,421.141,-1.97236
4,15,212.663,539.081,596.419,-1.5767
5,286,249.746,590,55.5625,-1.03171
6,248,410.761,556.757,338.763,-1.90242
7,182,96.7097,501.649,494.376,-1.34976
8,29,335.276,590,93.0103,-0.47295
9,148,638.834,590,41.8173,-2.05761
10,240,577.035,590,538.862,-1.57467
11,262,685.434,540.818,345.967,-1.81013
12,119,120.783,590,201.561,-1.39858
13,298,690.631,590,139.927,-2.66308
14,56,634.183,578.052,227.555,-1.06638
15,166,248.846,445.633,536.863,-1.6657
0,72,587.091,582.37,348.98,-2.55102
1,135,267.31,590,134.563,-1.77998
2,14,614.119,450.302,524.964,-2.56365
3,30,573.196,530.664,421.141,-1.97236
4,15,212.311,496.982,596.419,-1.5767
5,286,249.687,590,48.89,-0.947867
6,248,399.732,576.177,338.763,-1.90242
7,182,107.548,529.266,494.376,-1.34976
8,29,343.556,590,94.1984,-0.497035
9,148,631.393,590,48.2278,-0.850904
10,240,578.127,550.046,538.862,-1.57467
11,262,677.233,550.327,345.967,-1.81013
12,119,124.237,578.962,201.561,-1.39858
13,298,678.21,590,126.376,-2.95622
14,56,650.666,590,183.448,-1.71168
15,166,243.759,451.871,536.863,-1.6657
0,72,558.104,590,562.312,-2.11238
1,135,266.46,584.263,51.911,-2.44287
2,14,570.148,465.233,524.964,-2.56365
3,30,556.735,552.268,421.141,-1.97236
4,15,211.959,463.801,596.419,-1.5767
5,286,250.595,590,55.8953,-0.914778
6,248,388.703,590,298.807,-1.94885
7,182,116.595,563.675,494.376,-1.34976
8,29,351.836,590,93.4753,-0.482582
9,148,634.522,590,62.0944,-0.43003
10,240,577.919,513.898,538.862,-1.57467
11,262,669.031,568.754,345.967,-1.81013
12,119,129.483,578.969,201.561,-1.39858
13,298,665.789,590,139.991,-2.6622
14,56,648.141,580.7,93.6121,-2.89989
15,166,238.672,467.026,536.863,-1.6657
0,72,529.117,550.832,562.312,-2.11238
1,135,267.015,587.458,51.911,-2.44287
2,14,526.178,489.18,524.964,-2.56365
3,30,540.275,582.888,421.141,-1.97236
4,15,211.607,439.636,596.419,-1.5767
5,286,249.475,590,56.4171,-0.921878
6,248,377.673,571.245,298.807,-1.94885
7,182,127.434,590,459.371,-1.3326
8,29,360.116,590,94.6452,-0.505669
9,148,636.231,590,84.5754,-0.840158
10,240,577.71,486.767,538.862,-1.57467
11,262,665.629,590,262.016,-2.67103
12,119,132.937,585.865,201.561,-1.39858
13,298,655.162,588.154,149.395,1.75641
14,56,636.394,581.244,173.796,0.930942
15,166,233.584,491.197,536.863,-1.6657
0,72,501.136,520.696,460.779,-2.44587
1,135,265.957,590,149.345,-1.85546
2,14,481.202,522.323,323.63,1.9225
3,30,523.814,590,422.755,-1.97074
4,15,211.255,424.585,596.419,-1.5767
5,286,249.967,590,57.9033,-0.918892
6,248,366.644,561.605,298.807,-1.94885
7,182,138.272,554.474,459.371,-1.3326
8,29,368.396,590,93.9481,-0.492102
9,148,635.812,590,216.382,-0.55504
10,240,577.501,468.749,538.862,-1.57467
11,262,642.789,580.05,235.323,-3.12894
12,119,136.391,590,160.655,-1.35411
13,298,656.734,590,192.826,-2.01951
14,56,647.992,590,213.889,-1.21953
15,166,228.497,524.482,536.863,-1.6657
0,72,465.767,500.375,460.779,-2.44587
1,135,264.104,582.129,68.2321,-2.73887
2,14,470.053,561.917,323.63,1.9225
3,30,507.353,560.273,422.755,-1.97074
4,15,210.903,418.747,596.419,-1.5767
5,286,251.14,590,56.2799,-0.645281
6,248,355.615,561.176,298.807,-1.94885
7,182,149.111,528.16,459.371,-1.3326
8,29,376.676,590,95.0998,-0.514236
9,148,659.03,590,233.802,1.68345
10,240,577.292,459.943,538.862,-1.57467
11,262,619.258,588.965,235.323,-3.12894
12,119,139.845,583.522,160.655,-1.35411
13,298,639.607,578.522,48.6781,0.446825
14,56,659.285,574.951,99.6069,-2.09275
15,166,223.409,566.979,536.863,-1.6657
0,72,430.398,489.363,460.779,-2.44587
1,135,259.656,582.782,68.2321,-2.73887
2,14,458.904,590,492.056,-1.79936
3,30,490.893,539.855,422.755,-1.97074
4,15,210.551,422.218,596.419,-1.5767
5,286,253.806,590,73.4404,-0.911896
6,248,344.586,570.057,298.807,-1.94885
7,182,159.95,511.156,459.371,-1.3326
8,29,384.956,590,94.4286,-0.501512
9,148,656.402,590,319.993,-1.65302
10,240,577.084,460.447,538.862,-1.57467
11,262,595.728,590,295.406,-2.49235
12,119,143.299,586.354,160.655,-1.35411
13,298,643.307,590,115.187,-1.12404
14,56,655.009,574.671,95.1061,2.58763
15,166,218.322,590,510.253,-1.67067
0,72,395.029,487.76,460.779,-2.44587
1,135,248.983,590,87.388,-0.0121435
2,14,447.755,551.482,492.056,-1.79936
3,30,474.432,528.846,422.755,-1.97074
4,15,210.199,435.097,596.419,-1.5767
5,286,262.698,588.936,114.212,1.79968
6,248,333.556,588.347,298.807,-1.94885
7,182,170.789,503.56,459.371,-1.3326
8,29,393.236,590,95.562,-0.522735
9,148,653.774,567.517,319.993,-1.65302
10,240,576.875,470.359,538.862,-1.57467
11,262,572.198,581.548,295.406,-2.49235
12,119,146.753,590,124.828,-1.29043
13,298,657.592,588.595,10.6349,-0.831235
14,56,637.612,589.507,197.865,0.742357
15,166,213.235,548.637,510.253,-1.67067
0,72,359.66,495.663,460.779,-2.44587
1,135,256.629,590,227.953,-1.0533
2,14,436.607,522.47,492.056,-1.79936
3,30,457.971,527.343,422.755,-1.97074
4,15,209.846,457.482,596.419,-1.5767
5,286,261.199,590,156.788,-1.81492
6,248,322.527,590,293.876,-1.95552
7,182,181.627,505.469,459.371,-1.3326
8,29,401.516,590,94.9167,-0.510812
9,148,651.145,554.54,319.993,-1.65302
10,240,576.666,489.777,538.862,-1.57467
11,262,548.667,582.603,295.406,-2.49235
12,119,150.207,587.511,124.828,-1.29043
13,298,659.01,590,107.754,-1.58986
14,56,651.491,590,221.7,-0.497038
15,166,208.147,516.78,510.253,-1.67067
0,72,324.291,513.17,460.779,-2.44587
1,135,271.818,578.08,80.2102,-2.90888
2,14,425.458,503.062,492.056,-1.79936
3,30,441.511,535.444,422.755,-1.97074
4,15,214.14,485.82,596.419,-1.5767
5,286,253.497,586.103,108.862,-1.07098
6,248,311.498,572.365,293.876,-1.95552
7,182,192.424,517.115,226.065,-0.607503
8,29,409.797,590,96.0319,-0.531165
9,148,648.517,551.167,319.993,-1.65302
10,240,576.457,518.799,538.862,-1.57467
11,262,525.137,590,257.446,-2.72382
12,119,153.661,590,77.8098,-1.11084
13,298,654.893,588.766,59.9571,-0.179078
14,56,674.89,589.098,130.882,-3.0262
15,166,198.456,498.046,142.881,2.81982
0,72,288.922,540.379,460.779,-2.44587
1,135,264.013,585.932,80.2102,-2.90888
2,14,414.309,493.356,492.056,-1.79936
3,30,441.511,535.444,422.755,-1.97074
4,15,214.14,485.82,596.419,-1.5767
5,286,253.497,586.103,108.862,-1.07098
6,248,311.498,572.365,293.876,-1.95552
7,182,192.424,517.115,226.065,-0.607503
8,29,409.797,590,96.0319,-0.531165
9,148,648.517,551.167,319.993,-1.65302
10,240,576.457,518.799,538.862,-1.57467
11,262,525.137,590,257.446,-2.72382
12,119,153.661,590,77.8098,-1.11084
13,298,654.893,588.766,59.9571,-0.179078
14,56,674.89,589.098,130.882,-3.0262
15,166,198.456,498.046,142.881,2.81982
0,72,288.922,540.379,460.779,-2.44587
1,135,271.346,585.492,80.2102,-2.90888
2,14,414.309,493.356,492.056,-1.79936
3,30,425.05,553.246,422.755,-1.97074
4,15,214.405,530.506,331.241,-2.04156
5,286,251.382,586.692,108.862,-1.07098
6,248,300.468,564.431,293.876,-1.95552
7,182,210.369,510.918,199.499,0.13408
8,29,418.077,590,95.4122,-0.520003
9,148,645.889,557.495,319.993,-1.65302
10,240,576.249,557.524,538.862,-1.57467
11,262,501.606,589.257,257.446,-2.72382
12,119,157.116,590,43.6883,-0.658981
13,298,651.388,590,103.151,-0.961905
14,56,671.294,590,152.817,-2.58824
15,166,184.901,512.266,142.881,2.81982
0,72,253.513,577.136,460.779,-2.44587
1,135,267.501,590,189.783,-1.99462
2,14,403.16,493.45,492.056,-1.79936
3,30,408.589,580.849,422.755,-1.97074
4,15,199.381,510.785,331.241,-2.04156
5,286,252.679,590,110.569,-1.07939
6,248,289.439,566.298,293.876,-1.95552
7,182,230.14,523.385,199.499,0.13408
8,29,426.357,590,96.5092,-0.539524
9,148,643.261,573.624,319.993,-1.65302
10,240,576.04,590,475.541,-1.57519
11,262,478.076,590,251.488,-2.78089
12,119,160.57,590,77.9003,-1.11141
13,298,648.597,587.618,103.151,-0.961905
14,56,666.983,590,131.162,-3.00904
15,166,171.346,536.287,142.881,2.81982
0,72,253.513,577.136,460.779,-2.44587
1,135,267.501,590,189.783,-1.99462
2,14,403.16,493.45,492.056,-1.79936
3,30,408.589,580.849,422.755,-1.97074
4,15,199.381,510.785,331.241,-2.04156
5,286,252.679,590,110.569,-1.07939
6,248,289.439,566.298,293.876,-1.95552
7,182,230.14,523.385,199.499,0.13408
8,29,426.357,590,96.5092,-0.539524
9,148,643.261,573.624,319.993,-1.65302
10,240,576.04,590,475.541,-1.57519
11,262,478.076,590,251.488,-2.78089
12,119,160.57,590,77.9003,-1.11141
13,298,648.597,587.618,103.151,-0.961905
14,56,666.983,590,131.162,-3.00904
15,166,171.346,536.287,142.881,2.81982
